{"v":1,"filename":"Statement.htm","accountNum":"85102836","traderName":"Devon Miles","statDate":"2026 April 21","currency":"USD","winCount":47,"lossCount":24,"summary":{"totalNetProfit":-2130.1999999999994,"grossProfit":2203,"grossLoss":-3918,"totalTrades":73,"winCount":47,"lossCount":24,"profitFactor":0.5622766717713119,"avgWin":46.87234042553192,"avgLoss":163.25,"maxDrawdown":2293.699999999999,"peakPnl":-12.499999999999597,"balance":1682.86,"depositWithdrawal":2965.75,"closedTradePL":-2130.1999999999994,"expectedPayoff":-29.18082191780821},"eq":[[1776431283000,-464.1],[1776432850000,-534.5],[1776432969000,-638.9],[1776433128000,-577.3],[1776434594000,-867.6999999999999],[1776434595000,-978.0999999999999],[1776435523000,-1112.5],[1776435524000,-1182.9],[1776442169000,-829.3000000000001],[1776444136000,-951.7],[1776444230000,-952.1],[1776444230000,-982.5],[1776444443000,-984.9],[1776445742000,-805.3],[1776446698000,-413.69999999999993],[1776447671000,-412.0999999999999],[1776448806000,-414.4999999999999],[1776449038000,-410.89999999999986],[1776450219000,-407.29999999999984],[1776450626000,-407.6999999999998],[1776450913000,-422.0999999999998],[1776452233000,-398.4999999999998],[1776452727000,-394.89999999999975],[1776453845000,-393.2999999999997],[1776453922000,-385.6999999999997],[1776455367000,-352.0999999999997],[1776643098000,-350.49999999999966],[1776644719000,-344.89999999999964],[1776696440000,-347.2999999999996],[1776696707000,-343.6999999999996],[1776696709000,-274.09999999999957],[1776697206000,-240.49999999999957],[1776697210000,-204.89999999999958],[1776698487000,-139.29999999999959],[1776698491000,-81.69999999999959],[1776708357000,-80.0999999999996],[1776708360000,-66.4999999999996],[1776708365000,-48.8999999999996],[1776708708000,-45.2999999999996],[1776780110000,-49.6999999999996],[1776780400000,-16.099999999999596],[1776780962000,-12.499999999999597],[1776783506000,-590.8999999999995],[1776783642000,-1259.2999999999995],[1776783691000,-1847.6999999999994],[1776784707000,-1846.4999999999993],[1776785188000,-1947.2999999999993],[1776786687000,-1935.8999999999992],[1776786688000,-1926.999999999999],[1776786689000,-1913.599999999999],[1776787217000,-1907.699999999999],[1776787218000,-1896.2999999999988],[1776787219000,-1887.8999999999987],[1776789390000,-1882.1999999999987],[1776789681000,-1886.9999999999986],[1776789786000,-1915.0999999999985],[1776789786000,-1944.6999999999985],[1776789787000,-1973.2999999999984],[1776790298000,-1976.5999999999983],[1776791102000,-1988.9999999999984],[1776791441000,-2109.3999999999983],[1776791441000,-2235.7999999999984],[1776791867000,-2306.1999999999985],[1776792494000,-2266.5999999999985],[1776792995000,-2264.9999999999986],[1776793221000,-1965.3999999999987],[1776794148000,-2073.799999999999],[1776794705000,-2080.199999999999],[1776794706000,-2062.599999999999],[1776794859000,-2166.999999999999],[1776795378000,-2245.399999999999],[1776795458000,-2239.7999999999993],[1776795639000,-2130.1999999999994]],"days":[{"date":"2026-04-17","n":26,"gP":1162,"gL":-1348.5,"c":-165.60000000000008,"s":0,"net":-352.1000000000001,"run":-352.1000000000001},{"date":"2026-04-19","n":1,"gP":8,"gL":0,"c":-6.4,"s":0,"net":1.5999999999999996,"run":-350.50000000000006},{"date":"2026-04-20","n":12,"gP":382,"gL":0,"c":-76.8,"s":0,"net":305.2,"run":-45.30000000000007},{"date":"2026-04-21","n":34,"gP":651,"gL":-2569.5,"c":-166.40000000000006,"s":0,"net":-2084.9,"run":-2130.2000000000003}],"weeks":[{"key":"2026-W16","ws":1776038400000,"we":1776556800000,"n":27,"wins":17,"gP":1170,"gL":-1348.5,"c":-172.00000000000009,"s":0,"net":-350.5000000000001},{"key":"2026-W17","ws":1776643200000,"we":1777161600000,"n":46,"wins":30,"gP":1033,"gL":-2569.5,"c":-243.2000000000001,"s":0,"net":-1779.7}],"months":[{"key":"2026-04","label":"Apr 2026","n":73,"wins":47,"gP":2203,"gL":-3918,"c":-415.2,"s":0,"net":-2130.2}],"inst":[{"sym":"us30.spot","n":73,"wins":47,"gP":2203,"gL":-3918,"c":-415.2,"net":-2130.2}]}
